Model,Epochs,Batch Size,Time,mse,mae
cnn,10,2,1574798160,0.002451733686029911,0.03226664289832115
